href,phone
/vacancies/219247.html,tel:(012) 310-35-03
/vacancies/219244-p.html,tel:(055) 455-58-71
/vacancies/219165-p.html,tel:(051) 972-75-36
/vacancies/219253-p.html,tel:(012) 375-16-85
/vacancies/219222.html,tel:(012) 404-53-54
/vacancies/219214-p.html,tel:(055) 333-48-63
/vacancies/219259.html,tel:(012) 514-30-30
/vacancies/219258.html,tel:(012) 450-20-20
/vacancies/218047-p.html,tel:(055) 899-11-69
/vacancies/219227-p.html,tel:(012) 594-12-32
/vacancies/219245.html,tel:(055) 500-57-56
/vacancies/210075.html,"tel:(012) 310-52-21,25"
/vacancies/219168-p.html,tel:(012) 310-15-99
/vacancies/185300-p.html,tel:(055) 793-34-94
/vacancies/219269.html,tel:(012) 465-90-15
/vacancies/219237-p.html,tel:(050) 783-60-16
/vacancies/219273.html,tel:(055) 213-83-48
/vacancies/219196.html,tel:(012) 480-36-59
/vacancies/219191-p.html,tel:(051) 514-87-06
/vacancies/219272-p.html,tel:(055) 206-23-99
/vacancies/219194-p.html,tel:(055) 333-48-63
/vacancies/218684-p.html,tel:(012) 565-57-32
/vacancies/218680-p.html,tel:(055) 251-82-82
/vacancies/219211.html,tel:(012) 563-33-09
/vacancies/218641-p.html,tel:(051) 229-58-94
/vacancies/217792-p.html,tel:(055) 333-48-63
/vacancies/218671-p.html,tel:(055) 251-82-82
/vacancies/219213.html,tel:(012) 441-21-62
/vacancies/202279-p.html,tel:(050) 272-72-42
/vacancies/218640-p.html,tel:(051) 229-58-94
/vacancies/219180-p.html,tel:(012) 594-12-32
/vacancies/218989-p.html,tel:(012) 565-59-60
/vacancies/219220.html,tel:(012) 408-18-66
/vacancies/219154.html,tel:(012) 436-53-21
/vacancies/219216.html,tel:(012) 598-22-12
/vacancies/218164.html,tel:(012) 595-04-22
/vacancies/219178-p.html,tel:(012) 594-12-32
/vacancies/219160.html,tel:(050) 570-21-51
/vacancies/191465-p.html,tel:(055) 204-02-89
/vacancies/218765-p.html,tel:(055) 590-08-07
/vacancies/219162.html,tel:(012) 311-01-17
/vacancies/219164.html,tel:(012) 440-13-43
/vacancies/219155.html,tel:(051) 514-87-06
/vacancies/208374.html,tel:(012) 510-58-83
/vacancies/219174.html,tel:(012) 493-00-13
/vacancies/161762-p.html,tel:(055) 200-48-74
/vacancies/219156.html,tel:(012) 310-11-78
/vacancies/217994-p.html,tel:(055) 515-80-09
/vacancies/218776-p.html,tel:(051) 215-55-45
/vacancies/219157-p.html,tel:(055) 252-22-39
/vacancies/218276-p.html,tel:(050) 261-30-40
/vacancies/217900-p.html,tel:(050) 683-50-40
/vacancies/218761.html,tel:(051) 215-55-45
/vacancies/218762-p.html,tel:(051) 215-55-45
/vacancies/215480-p.html,tel:(051) 229-23-18
/vacancies/217335-p.html,tel:(050) 683-50-40
/vacancies/219136.html,tel:(012) 430-94-89
/vacancies/219138.html,tel:(012) 570-69-24
/vacancies/219035-p.html,tel:(055) 822-01-95
/vacancies/217903.html,tel:(050) 290-78-98
/vacancies/210178-p.html,tel:(070) 525-06-10
/vacancies/210185-p.html,tel:(070) 525-06-10
/vacancies/218197.html,tel:(012) 564-94-79
/vacancies/218964-p.html,tel:(012) 565-59-60
/vacancies/203839-p.html,tel:(070) 286-04-04
/vacancies/219145-p.html,tel:(055) 233-82-33
/vacancies/219135-p.html,tel:(050) 206-40-44
/vacancies/219187-p.html,tel:(050) 220-10-07
/vacancies/219148.html,tel:(012) 310-38-27
/vacancies/219188.html,tel:(077) 552-70-70
/vacancies/218266-p.html,tel:(012) 502-47-17
/vacancies/219149.html,tel:(012) 567-69-75
/vacancies/200828-p.html,tel:(051) 777-51-56
/vacancies/209946-p.html,tel:(050) 355-10-10
/vacancies/210553-p.html,tel:(055) 355-16-18
/vacancies/219081-p.html,tel:(051) 255-99-80
/vacancies/219102-p.html,tel:(070) 276-11-14
/vacancies/219069-p.html,tel:(051) 255-99-77
/vacancies/213146-p.html,tel:(051) 777-51-56
/vacancies/219080-p.html,tel:(051) 255-99-80
/vacancies/218715-p.html,tel:(055) 931-44-73
/vacancies/219104-p.html,tel:(099) 311-15-51
/vacancies/219119.html,tel:(012) 437-93-93
/vacancies/219121-p.html,tel:(099) 311-15-51
/vacancies/219120.html,tel:(012) 555-50-00
/vacancies/213881-p.html,tel:(055) 931-44-73
/vacancies/219124.html,tel:(055) 266-88-86
/vacancies/219103-p.html,tel:(099) 311-15-51
/vacancies/219125-p.html,tel:(055) 444-63-38
/vacancies/219126.html,tel:(070) 207-23-30
/vacancies/219192.html,tel:(050) 465-52-22
/vacancies/219105-p.html,tel:(099) 311-15-51
/vacancies/219123.html,tel:(012) 598-88-89
/vacancies/218712.html,tel:(012) 530-63-22
/vacancies/219072-p.html,tel:(051) 255-99-80
/vacancies/219058.html,tel:(012) 373-73-77
/vacancies/208391.html,tel:(012) 561-65-40
/vacancies/215478-p.html,tel:(051) 229-23-18
/vacancies/218172.html,tel:(050) 242-14-06
/vacancies/219279.html,tel:(012) 445-62-05
/vacancies/219280.html,tel:(050) 250-33-03
/vacancies/219078-p.html,tel:(012) 440-66-24
/vacancies/219070.html,tel:(012) 375-02-66
/vacancies/219077-p.html,tel:(012) 440-66-24
/vacancies/219082.html,tel:(012) 502-40-59
/vacancies/219088-p.html,tel:(012) 498-92-82
/vacancies/219053-p.html,tel:(050) 205-02-44
/vacancies/219057.html,tel:(051) 230-31-32
/vacancies/219091.html,tel:(077) 209-08-79
/vacancies/219063.html,tel:(012) 210-00-50
/vacancies/219064.html,tel:(012) 564-78-99
/vacancies/219066.html,tel:(051) 232-60-36
/vacancies/217012.html,tel:(012) 565-03-30
/vacancies/219092.html,tel:(012) 409-66-82
/vacancies/219090.html,tel:(012) 489-25-60
/vacancies/202654-p.html,
/vacancies/217986.html,tel:(070) 736-34-19
/vacancies/214440-p.html,tel:(070) 224-35-05
/vacancies/207620-p.html,tel:(012) 440-40-76
/vacancies/218207-p.html,tel:(012) 555-55-65
/vacancies/188079-p.html,tel:(055) 812-39-41
/vacancies/219111.html,tel:(012) 514-99-99
/vacancies/219110.html,tel:(012) 564-46-42
/vacancies/218999-p.html,tel:(051) 207-43-98
/vacancies/219101.html,tel:(099) 311-15-51
/vacancies/219013.html,tel:(012) 525-22-55
/vacancies/219028.html,tel:(012) 310-15-99
/vacancies/219012-p.html,tel:(051) 592-23-54
/vacancies/210685-p.html,tel:(070) 275-55-05
/vacancies/219051.html,tel:(012) 373-15-37
/vacancies/190984-p.html,tel:(070) 286-04-04
/vacancies/216322-p.html,tel:(050) 825-02-32
/vacancies/219021.html,tel:(055) 885-83-58
/vacancies/219052-p.html,tel:(012) 526-57-98
/vacancies/216999-p.html,tel:(055) 220-65-65
/vacancies/219016-p.html,tel:(051) 592-23-54
/vacancies/186606-p.html,tel:(055) 812-39-41
/vacancies/218980.html,tel:(055) 206-02-22
/vacancies/218979.html,tel:(012) 404-13-66
/vacancies/218990.html,tel:(050) 339-61-42
/vacancies/218738-p.html,tel:(012) 567-39-19
/vacancies/218981-p.html,tel:(012) 498-92-82
/vacancies/218991-p.html,
/vacancies/218983-p.html,tel:(012) 498-92-82
/vacancies/217388.html,tel:(012) 404-13-38
/vacancies/218993.html,tel:(012) 409-78-73
/vacancies/205502-p.html,tel:(051) 320-79-14
/vacancies/218997-p.html,tel:(012) 493-28-88
/vacancies/218995-p.html,tel:(012) 493-28-88
/vacancies/202679-p.html,tel:(070) 286-04-04
/vacancies/218611-p.html,tel:(055) 860-75-74
/vacancies/219010.html,tel:(012) 564-22-39
/vacancies/218977-p.html,tel:(051) 312-37-12
/vacancies/218929-p.html,tel:(012) 525-23-32
/vacancies/218994-p.html,tel:(012) 493-28-88
/vacancies/218943.html,tel:(077) 717-00-67
/vacancies/218877-p.html,tel:(012) 571-32-25
/vacancies/218945.html,tel:(051) 201-84-85
/vacancies/218951.html,tel:(012) 409-23-50
/vacancies/218952.html,tel:(012) 310-68-68
/vacancies/218876-p.html,tel:(012) 571-32-25
/vacancies/218937-p.html,tel:(055) 206-24-76
/vacancies/218950.html,tel:(055) 323-46-12
/vacancies/218942.html,tel:(012) 404-55-00
/vacancies/218946.html,tel:(012) 347-00-10
/vacancies/218714.html,tel:(012) 409-18-18
/vacancies/218973.html,tel:(051) 215-55-42
/vacancies/218927-p.html,tel:(012) 565-59-60
/vacancies/218966.html,tel:(050) 246-11-05
/vacancies/218706-p.html,tel:(055) 414-35-48
/vacancies/218955.html,tel:(070) 345-66-66
/vacancies/218963-p.html,tel:(012) 530-63-22
/vacancies/218965-p.html,tel:(050) 451-71-01
/vacancies/218903.html,tel:(099) 370-00-09
/vacancies/218909-p.html,tel:(050) 209-48-38
/vacancies/218904.html,tel:(012) 441-21-34
/vacancies/218907-p.html,tel:(050) 209-48-38
/vacancies/218902.html,tel:(012) 441-04-21
/vacancies/218894-p.html,tel:(077) 255-57-37
/vacancies/218917.html,tel:(050) 272-00-73
/vacancies/218820-p.html,tel:(010) 515-27-67
/vacancies/218914-p.html,tel:(070) 734-67-61
/vacancies/218908-p.html,tel:(070) 305-22-22
/vacancies/218625-p.html,tel:(012) 502-47-17
/vacancies/218910-p.html,tel:(050) 777-10-13
/vacancies/218825-p.html,tel:(055) 206-46-26
/vacancies/218918.html,"tel:(012) 404-93-13,8895"
/vacancies/218922.html,tel:(012) 260-39-23
/vacancies/218873-p.html,tel:(050) 291-77-35
/vacancies/218556-p.html,tel:(012) 555-55-69
/vacancies/218808.html,tel:(070) 588-08-34
/vacancies/218798.html,tel:(055) 424-90-58
/vacancies/218817.html,tel:(012) 310-15-61
/vacancies/218872-p.html,tel:(050) 291-77-35
/vacancies/217278-p.html,tel:(055) 255-56-96
/vacancies/218819.html,tel:(077) 500-55-57
/vacancies/218815.html,tel:(012) 344-38-12
/vacancies/218822.html,tel:(012) 565-44-19
/vacancies/183645-p.html,tel:(070) 286-04-04
/vacancies/218698-p.html,tel:(051) 250-73-35
/vacancies/218880.html,tel:(012) 565-88-78
/vacancies/218891.html,tel:(012) 525-43-43
/vacancies/218866-p.html,tel:(051) 201-55-15
/vacancies/218870.html,tel:(077) 747-77-97
/vacancies/218896-p.html,tel:(012) 525-43-43
/vacancies/216531.html,tel:(012) 565-59-60
/vacancies/218901-p.html,tel:(051) 897-51-51
/vacancies/218924.html,tel:(012) 537-08-08
/vacancies/218874.html,tel:(012) 311-02-05
/vacancies/218695-p.html,tel:(051) 434-00-18
/vacancies/217853-p.html,tel:(012) 493-82-40
/vacancies/218884-p.html,tel:(055) 206-24-76
/vacancies/218925.html,tel:(012) 409-80-81
/vacancies/218976-p.html,tel:(012) 464-77-47
/vacancies/218974-p.html,tel:(051) 312-37-12
/vacancies/218996-p.html,tel:(070) 930-60-40
/vacancies/218616-p.html,tel:(050) 505-11-25
/vacancies/218778-p.html,tel:(050) 212-76-54
/vacancies/216859.html,tel:(012) 409-51-03
/vacancies/218767-p.html,tel:(055) 491-25-55
/vacancies/218786-p.html,tel:(050) 227-33-45
/vacancies/218376-p.html,tel:(051) 201-55-15
/vacancies/218789-p.html,tel:(012) 342-99-35
/vacancies/218795-p.html,tel:(012) 444-56-45
/vacancies/218604-p.html,tel:(012) 596-61-66
/vacancies/218803.html,tel:(012) 449-55-55
/vacancies/217118-p.html,tel:(012) 571-32-25
/vacancies/218805-p.html,tel:(055) 444-63-38
/vacancies/218784-p.html,tel:(050) 263-79-93
/vacancies/218790-p.html,tel:(012) 342-99-35
/vacancies/218810.html,tel:(012) 598-05-98
/vacancies/218804.html,tel:(055) 253-94-07
/vacancies/218814.html,tel:(012) 311-01-80
/vacancies/206785-p.html,tel:(055) 914-05-17
/vacancies/218811.html,tel:(012) 538-90-90
/vacancies/218813.html,tel:(012) 260-30-60
/vacancies/218802.html,tel:(012) 564-36-61
/vacancies/217630-p.html,"tel:(012) 564-43-45,115"
/vacancies/219055.html,tel:(012) 564-89-76
/vacancies/219022-p.html,tel:(012) 595-50-20
/vacancies/218735-p.html,tel:(099) 533-55-66
/vacancies/218516-p.html,tel:(050) 444-99-06
/vacancies/218748.html,tel:(012) 526-57-98
/vacancies/218753.html,tel:(012) 514-00-95
/vacancies/218750-p.html,tel:(050) 875-87-48
/vacancies/217947.html,tel:(012) 323-01-65
/vacancies/218756.html,tel:(012) 408-35-34
/vacancies/217613-p.html,"tel:(012) 564-43-45,115"
/vacancies/215486.html,tel:(012) 310-25-50
/vacancies/218764.html,tel:(050) 855-00-97
/vacancies/218752.html,tel:(012) 341-03-05
/vacancies/218757.html,tel:(050) 295-70-20
/vacancies/218736-p.html,tel:(050) 263-58-57
/vacancies/218739-p.html,tel:(055) 966-11-07
/vacancies/218768.html,tel:(012) 497-56-12
/vacancies/218777.html,tel:(012) 562-56-15
/vacancies/218766.html,tel:(077) 456-63-21
/vacancies/218775.html,tel:(012) 310-09-98
/vacancies/218785.html,tel:(050) 899-07-00
/vacancies/218689-p.html,tel:(055) 726-97-72
/vacancies/218781.html,tel:(012) 597-48-77
/vacancies/216883.html,tel:(050) 291-77-35
/vacancies/218663.html,tel:(012) 566-82-58
/vacancies/218662.html,tel:(012) 409-86-06
/vacancies/218669.html,tel:(012) 410-99-05
/vacancies/218688.html,tel:(022) 266-80-02
/vacancies/218675.html,tel:(050) 235-53-08
/vacancies/218673-p.html,tel:(012) 514-00-95
/vacancies/218699-p.html,
/vacancies/218690-p.html,tel:(077) 272-11-18
/vacancies/218649.html,tel:(012) 497-37-35
/vacancies/218709-p.html,tel:(051) 645-90-10
/vacancies/218700.html,tel:(012) 433-17-58
/vacancies/218664-p.html,tel:(012) 568-22-29
/vacancies/218716.html,tel:(012) 561-10-79
/vacancies/218679-p.html,tel:(051) 291-76-84
/vacancies/218704.html,tel:(055) 233-82-33
/vacancies/218661-p.html,tel:(055) 455-84-04
/vacancies/218713-p.html,tel:(055) 455-84-04
/vacancies/218726.html,tel:(055) 450-90-65
/vacancies/218582.html,tel:(077) 602-25-25
/vacancies/218593.html,tel:(012) 311-24-18
/vacancies/218594.html,tel:(055) 255-33-81
/vacancies/218560.html,tel:(050) 277-10-01
/vacancies/212291.html,tel:(012) 437-90-90
/vacancies/218596.html,tel:(012) 440-20-15
/vacancies/217842-p.html,tel:(012) 375-16-85
/vacancies/216868.html,tel:(012) 598-19-91
/vacancies/218667-p.html,
/vacancies/218601.html,tel:(055) 242-01-61
/vacancies/218638.html,tel:(012) 311-15-31
/vacancies/218632.html,tel:(012) 565-60-59
/vacancies/218646-p.html,tel:(070) 514-87-06
/vacancies/218631.html,tel:(012) 480-31-74
/vacancies/218634.html,tel:(012) 488-60-00
/vacancies/218623.html,tel:(055) 414-98-68
/vacancies/218670-p.html,tel:(051) 290-98-77
/vacancies/218549.html,tel:(012) 374-73-65
/vacancies/218642-p.html,tel:(050) 251-72-72
/vacancies/218635-p.html,tel:(012) 510-58-83
/vacancies/218636.html,tel:(070) 233-20-50
/vacancies/121952.html,tel:(012) 409-68-98
/vacancies/218550.html,tel:(051) 207-21-45
/vacancies/122155-p.html,tel:(050) 216-42-50
/vacancies/218603-p.html,
/vacancies/216699.html,tel:(012) 375-16-85
/vacancies/218563-p.html,tel:(012) 596-06-49
/vacancies/218514-p.html,tel:(012) 310-09-49
/vacancies/211568-p.html,tel:(012) 162
/vacancies/218599-p.html,
/vacancies/218106-p.html,tel:(012) 565-59-60
/vacancies/218606-p.html,
/vacancies/218595-p.html,tel:(099) 223-00-00
/vacancies/218492-p.html,tel:(050) 263-58-57
/vacancies/218624-p.html,tel:(012) 342-99-35
/vacancies/218508-p.html,tel:(012) 310-09-49
/vacancies/218524.html,tel:(055) 515-66-64
/vacancies/218525.html,tel:(012) 342-99-35
/vacancies/218512-p.html,tel:(050) 444-99-06
/vacancies/218555-p.html,
/vacancies/218513-p.html,tel:(051) 291-76-84
/vacancies/218520-p.html,tel:(050) 505-11-25
/vacancies/218507-p.html,tel:(012) 310-09-49
/vacancies/218509-p.html,tel:(051) 291-76-84
/vacancies/218515-p.html,tel:(051) 291-76-84
/vacancies/218505-p.html,tel:(012) 510-58-83
/vacancies/218496-p.html,tel:(012) 510-58-83
/vacancies/214060-p.html,tel:(070) 224-35-05
/vacancies/218537-p.html,tel:(055) 368-67-07
/vacancies/218528.html,tel:(012) 310-14-14
/vacancies/218171-p.html,tel:(055) 552-30-30
/vacancies/218533.html,tel:(012) 489-34-55
/vacancies/216269-p.html,tel:(070) 315-00-22
/vacancies/126310-p.html,tel:(070) 327-57-50
/vacancies/218544.html,tel:(012) 499-44-76
/vacancies/218547.html,tel:(012) 598-54-57
/vacancies/208121-p.html,tel:(012) 440-40-76
/vacancies/218060.html,tel:(012) 562-37-15
/vacancies/200698-p.html,tel:(055) 250-63-07
/vacancies/218621.html,tel:(012) 373-61-71
/vacancies/218466-p.html,tel:(051) 229-06-77
/vacancies/218481.html,tel:(012) 980-06-03
/vacancies/218479-p.html,tel:(055) 220-23-72
/vacancies/218470.html,tel:(051) 244-65-76
/vacancies/218478-p.html,tel:(055) 220-23-72
/vacancies/218486.html,tel:(012) 464-83-70
/vacancies/218482-p.html,tel:(070) 220-43-93
/vacancies/218471.html,tel:(012) 310-18-08
/vacancies/218436-p.html,tel:(012) 505-01-89
/vacancies/218490.html,tel:(012) 436-64-97
/vacancies/218480-p.html,tel:(070) 220-43-93
/vacancies/218489.html,tel:(012) 493-18-32
/vacancies/218488.html,tel:(055) 210-02-82
/vacancies/174774-p.html,tel:(051) 244-41-13
/vacancies/218299.html,tel:(012) 513-23-64
/vacancies/218361-p.html,tel:(055) 205-82-70
/vacancies/218430.html,tel:(055) 303-91-68
/vacancies/218412.html,tel:(055) 995-91-88
/vacancies/218435.html,tel:(012) 339-14-53
/vacancies/218422-p.html,tel:(055) 380-55-01
/vacancies/218439.html,tel:(012) 514-98-80
/vacancies/218493.html,tel:(012) 432-63-90
/vacancies/218264-p.html,tel:(010) 260-88-78
/vacancies/174776-p.html,tel:(051) 244-41-13
/vacancies/218063-p.html,tel:(012) 594-46-89
/vacancies/218452.html,tel:(055) 205-77-87
/vacancies/218424.html,tel:(012) 493-01-01
/vacancies/218448-p.html,tel:(051) 201-88-87
/vacancies/218467-p.html,
/vacancies/215945.html,tel:(012) 493-80-63
/vacancies/218451.html,tel:(055) 966-11-07
/vacancies/218450.html,tel:(012) 404-10-99
/vacancies/218456.html,tel:(050) 777-70-22
/vacancies/218317-p.html,tel:(012) 538-57-57
/vacancies/218458.html,tel:(012) 497-40-00
/vacancies/218501-p.html,tel:(050) 223-11-22
/vacancies/218498.html,tel:(070) 205-44-95
/vacancies/218494-p.html,tel:(055) 455-90-34
/vacancies/218358-p.html,tel:(055) 277-86-29
/vacancies/218372-p.html,tel:(055) 277-86-29
/vacancies/218378.html,tel:(050) 274-94-06
/vacancies/217562-p.html,tel:(012) 404-72-82
/vacancies/218348-p.html,tel:(055) 205-82-70
/vacancies/218370-p.html,tel:(055) 400-10-12
/vacancies/218389.html,tel:(012) 565-52-52
/vacancies/218397.html,tel:(012) 465-25-93
/vacancies/208820-p.html,tel:(012) 440-40-76
/vacancies/218316-p.html,tel:(070) 689-77-76
/vacancies/218383.html,tel:(055) 594-11-21
/vacancies/213843-p.html,tel:(070) 251-11-11
/vacancies/218403.html,tel:(012) 597-00-64
/vacancies/218406.html,tel:(010) 250-73-07
/vacancies/218404-p.html,tel:(012) 310-01-88
/vacancies/218385-p.html,tel:(055) 799-22-55
/vacancies/218407.html,tel:(055) 522-60-62
/vacancies/218408.html,tel:(012) 567-69-59
/vacancies/176290.html,"tel:(012) 430-30-42,21"
/vacancies/218402-p.html,tel:(055) 444-63-38
/vacancies/218303-p.html,tel:(012) 567-88-56
/vacancies/218311.html,tel:(055) 525-25-07
/vacancies/218328.html,tel:(050) 266-96-89
/vacancies/218331.html,tel:(012) 436-74-10
/vacancies/218324.html,tel:(012) 223-54-78
/vacancies/218327.html,tel:(099) 757-16-57
/vacancies/218334.html,tel:(012) 434-34-44
/vacancies/218305-p.html,tel:(050) 275-30-20
/vacancies/218333-p.html,tel:(050) 777-10-13
/vacancies/218332.html,tel:(050) 777-10-13
/vacancies/218338-p.html,tel:(012) 488-66-01
/vacancies/218364.html,tel:(012) 428-39-99
/vacancies/218342-p.html,tel:(055) 444-00-16
/vacancies/215549.html,tel:(055) 253-21-05
/vacancies/218369.html,tel:(012) 351-04-59
/vacancies/218363.html,tel:(070) 694-24-22
/vacancies/218353-p.html,tel:(012) 595-88-59
/vacancies/218362-p.html,tel:(050) 505-11-25
/vacancies/218374-p.html,tel:(051) 201-55-14
/vacancies/218373.html,tel:(050) 485-48-77
/vacancies/218461-p.html,tel:(051) 504-36-72
/vacancies/218244.html,tel:(012) 493-77-02
/vacancies/218253.html,tel:(051) 543-41-66
/vacancies/218242.html,tel:(055) 444-63-38
/vacancies/217609-p.html,tel:(055) 414-35-48
/vacancies/170761.html,
/vacancies/218269.html,tel:(012) 492-77-38
/vacancies/218146-p.html,tel:(051) 229-06-77
/vacancies/218255.html,tel:(012) 210-22-92
/vacancies/218260-p.html,tel:(051) 638-27-35
/vacancies/218214.html,tel:(012) 448-89-29
/vacancies/218256.html,tel:(055) 590-22-70
/vacancies/218290.html,tel:(055) 450-58-59
/vacancies/218287.html,tel:(055) 207-24-85
/vacancies/218288-p.html,tel:(012) 567-88-56
/vacancies/218271-p.html,tel:(055) 501-22-10
/vacancies/218284.html,tel:(055) 867-02-02
/vacancies/218300.html,tel:(012) 444-52-84
/vacancies/218285-p.html,tel:(012) 567-88-56
/vacancies/218131-p.html,tel:(012) 541-26-10
/vacancies/218130-p.html,tel:(012) 541-26-10
/vacancies/218301.html,tel:(055) 220-01-30
/vacancies/218210-p.html,tel:(070) 293-10-29
/vacancies/217139.html,tel:(055) 215-43-06
/vacancies/207621-p.html,tel:(012) 440-40-76
/vacancies/218217.html,tel:(012) 595-88-59
/vacancies/218204-p.html,tel:(012) 525-43-43
/vacancies/218205.html,tel:(070) 276-11-14
/vacancies/218211.html,tel:(055) 450-02-50
/vacancies/218195-p.html,tel:(070) 900-89-20
/vacancies/218228.html,tel:(050) 233-35-11
/vacancies/218230.html,tel:(012) 565-87-73
/vacancies/214929-p.html,tel:(055) 206-87-89
/vacancies/218194-p.html,tel:(012) 496-92-86
/vacancies/217802-p.html,tel:(012) 505-47-01
/vacancies/218225.html,tel:(012) 595-23-28
/vacancies/218235.html,tel:(012) 555-59-89
/vacancies/218229.html,tel:(012) 310-03-13
/vacancies/217803-p.html,tel:(012) 505-47-01
/vacancies/217983-p.html,tel:(012) 505-47-01
/vacancies/217808-p.html,tel:(012) 505-47-01
/vacancies/204427-p.html,tel:(070) 944-99-33
/vacancies/218184-p.html,tel:(050) 214-55-77
/vacancies/217810-p.html,tel:(012) 505-47-01
/vacancies/218095.html,tel:(012) 492-74-18
/vacancies/217814-p.html,tel:(012) 505-47-01
/vacancies/218168.html,tel:(012) 511-35-89
/vacancies/213660-p.html,tel:(055) 908-30-50
/vacancies/218165.html,tel:(012) 376-00-56
/vacancies/218169.html,tel:(012) 488-08-28
/vacancies/218034-p.html,tel:(050) 291-77-35
/vacancies/218186.html,tel:(012) 564-77-91
/vacancies/218180-p.html,tel:(012) 574-58-56
/vacancies/218092.html,tel:(012) 490-84-28
/vacancies/218188.html,tel:(010) 260-88-78
/vacancies/218086-p.html,tel:(055) 203-66-14
/vacancies/217393.html,tel:(012) 490-53-94
/vacancies/218189.html,tel:(070) 801-32-16
/vacancies/217619.html,tel:(012) 598-81-18
/vacancies/212352-p.html,tel:(051) 454-63-51
/vacancies/218101.html,tel:(012) 493-28-88
/vacancies/218143.html,tel:(012) 525-23-32
/vacancies/217950-p.html,tel:(055) 457-17-17
/vacancies/218148.html,tel:(055) 205-82-70
/vacancies/196530.html,tel:(055) 250-63-07
/vacancies/218132.html,tel:(012) 533-81-85
/vacancies/218125.html,tel:(012) 441-49-88
/vacancies/174216-p.html,tel:(012) 504-24-05
/vacancies/69054.html,tel:(012) 497-43-59
/vacancies/218193-p.html,tel:(050) 458-00-05
/vacancies/218138.html,tel:(012) 599-23-68
/vacancies/216110-p.html,tel:(012) 533-01-11
/vacancies/218032-p.html,tel:(050) 822-22-99
/vacancies/218149.html,tel:(012) 440-50-01
/vacancies/218150.html,tel:(012) 311-02-15
/vacancies/174214-p.html,tel:(012) 504-24-05
/vacancies/218014.html,tel:(012) 408-76-04
/vacancies/218017-p.html,tel:(055) 505-92-92
/vacancies/218239.html,tel:(012) 565-00-00
/vacancies/218176-p.html,tel:(050) 212-70-67
/vacancies/218036.html,tel:(012) 562-20-14
/vacancies/217929-p.html,tel:(055) 505-92-92
/vacancies/218139-p.html,tel:(051) 336-10-71
/vacancies/218015.html,tel:(055) 444-63-38
/vacancies/218011.html,tel:(012) 567-88-56
/vacancies/205245.html,tel:(012) 440-40-76
/vacancies/218043.html,tel:(077) 278-88-82
/vacancies/218065.html,tel:(012) 310-04-10
/vacancies/218045.html,tel:(012) 425-30-37
/vacancies/218050.html,tel:(099) 500-56-58
/vacancies/217990-p.html,tel:(050) 303-44-08
/vacancies/218077.html,tel:(055) 207-04-54
/vacancies/218083-p.html,tel:(055) 457-17-17
/vacancies/217254-p.html,tel:(051) 240-95-68
/vacancies/218051.html,tel:(051) 252-60-00
/vacancies/218198-p.html,tel:(050) 852-44-26
/vacancies/218088-p.html,tel:(050) 273-11-73
/vacancies/218089.html,tel:(012) 525-88-55
/vacancies/217971.html,tel:(012) 379-30-60
/vacancies/217973.html,tel:(012) 447-57-65
/vacancies/217946-p.html,tel:(012) 505-01-89
/vacancies/217938-p.html,tel:(012) 505-01-89
/vacancies/203332-p.html,tel:(012) 496-75-92
/vacancies/217977.html,tel:(010) 255-26-54
/vacancies/218084.html,tel:(012) 342-02-22
/vacancies/218085.html,tel:(055) 529-29-66
/vacancies/217970-p.html,tel:(051) 270-62-01
/vacancies/217985-p.html,tel:(055) 266-63-04
/vacancies/217988.html,tel:(012) 555-65-11
/vacancies/217974.html,tel:(024) 204-49-67
/vacancies/217993.html,tel:(071) 310-07-71
/vacancies/217320.html,tel:(012) 436-53-21
/vacancies/217978-p.html,tel:(012) 498-17-63
/vacancies/218003.html,tel:(012) 310-09-97
/vacancies/218007.html,tel:(050) 444-99-06
/vacancies/218008.html,"tel:(012) 497-26-00,4210"
/vacancies/217991-p.html,tel:(051) 240-41-36
/vacancies/218009-p.html,tel:(055) 414-35-48
/vacancies/218118-p.html,tel:(099) 966-44-44
/vacancies/216924.html,tel:(018) 654-25-40
/vacancies/217921.html,tel:(010) 510-17-37
/vacancies/218510.html,tel:(051) 230-40-18
/vacancies/217998-p.html,tel:(050) 505-11-25
/vacancies/217926.html,tel:(012) 494-08-52
/vacancies/217928-p.html,tel:(055) 220-23-72
/vacancies/217996-p.html,tel:(050) 711-88-44
/vacancies/217843.html,"tel:(012) 310-86-80,114"
/vacancies/217650-p.html,tel:(051) 201-57-50
/vacancies/217717-p.html,tel:(050) 485-89-89
/vacancies/217937.html,tel:(012) 505-01-89
/vacancies/217936-p.html,tel:(050) 571-70-71
/vacancies/217945.html,tel:(055) 240-48-00
/vacancies/217948.html,tel:(012) 404-48-00
/vacancies/217944.html,tel:(012) 553-71-81
/vacancies/187692-p.html,tel:(050) 315-04-15
/vacancies/214843-p.html,tel:(055) 673-44-74
/vacancies/217873.html,tel:(012) 409-36-37
/vacancies/217951.html,tel:(051) 703-69-79
/vacancies/217874-p.html,tel:(055) 220-23-72
/vacancies/217725-p.html,tel:(051) 401-05-11
/vacancies/217872.html,tel:(012) 504-11-11
/vacancies/217879.html,tel:(012) 490-68-11
/vacancies/217877-p.html,tel:(012) 571-90-92
/vacancies/217876.html,tel:(012) 409-65-12
/vacancies/217882.html,tel:(012) 599-88-78
/vacancies/217889.html,tel:(012) 595-50-20
/vacancies/217895-p.html,tel:(050) 290-78-98
/vacancies/217867-p.html,tel:(023) 335-52-56
/vacancies/217883.html,tel:(012) 436-56-51
/vacancies/217892.html,tel:(012) 490-11-64
/vacancies/217869-p.html,tel:(012) 594-12-32
/vacancies/217898.html,tel:(012) 496-80-46
/vacancies/216352.html,tel:(012) 460-70-86
/vacancies/212491-p.html,tel:(012) 480-35-17
/vacancies/217915-p.html,tel:(055) 215-49-99
/vacancies/217962.html,tel:(077) 377-01-31
/vacancies/217912-p.html,tel:(055) 215-49-99
/vacancies/217964.html,tel:(050) 333-44-94
/vacancies/217907.html,tel:(012) 310-35-20
/vacancies/217965.html,tel:(012) 311-02-12
/vacancies/217822-p.html,tel:(055) 538-11-86
/vacancies/217966.html,tel:(012) 464-84-20
/vacancies/217838.html,tel:(012) 311-16-61
/vacancies/217827-p.html,tel:(055) 252-22-39
/vacancies/217908.html,tel:(055) 222-15-09
/vacancies/217844.html,tel:(012) 409-45-63
/vacancies/208100-p.html,tel:(070) 220-43-93
/vacancies/217846.html,tel:(012) 180
/vacancies/217819-p.html,tel:(055) 205-82-70
/vacancies/216673.html,tel:(070) 304-84-00
/vacancies/217847-p.html,tel:(055) 444-63-38
/vacancies/217850.html,tel:(012) 567-45-33
/vacancies/217718-p.html,tel:(050) 577-45-07
/vacancies/217841-p.html,tel:(099) 569-90-90
/vacancies/217830-p.html,tel:(077) 306-68-92
/vacancies/217236.html,tel:(012) 464-77-47
/vacancies/217856.html,tel:(023) 335-52-56
/vacancies/217839-p.html,tel:(012) 409-80-90
/vacancies/217866.html,tel:(012) 480-09-88
/vacancies/217857.html,tel:(051) 207-78-00
/vacancies/217868.html,tel:(012) 594-12-32
/vacancies/217752.html,tel:(012) 480-04-37
/vacancies/217769.html,tel:(050) 974-20-41
/vacancies/217780.html,tel:(012) 561-08-83
/vacancies/217781.html,tel:(050) 295-90-30
/vacancies/217184.html,tel:(012) 568-01-81
/vacancies/217773.html,tel:(012) 496-75-84
/vacancies/217779-p.html,tel:(050) 363-93-90
/vacancies/217811-p.html,tel:(055) 444-63-38
/vacancies/217800.html,tel:(012) 493-96-32
/vacancies/217805.html,tel:(051) 240-90-17
/vacancies/217655-p.html,tel:(012) 502-47-17
/vacancies/217824.html,tel:(077) 233-66-58
/vacancies/217820-p.html,tel:(055) 444-63-38
/vacancies/217816.html,tel:(012) 564-60-96
/vacancies/217815-p.html,tel:(055) 327-76-55
/vacancies/217801.html,tel:(099) 303-33-15
/vacancies/217804-p.html,tel:(051) 385-53-13
/vacancies/211402-p.html,tel:(055) 708-16-08
/vacancies/217699.html,tel:(055) 226-33-06
/vacancies/217653-p.html,tel:(012) 433-48-88
/vacancies/217697.html,tel:(012) 464-86-74
/vacancies/217727-p.html,tel:(055) 791-65-91
/vacancies/217710.html,tel:(012) 404-77-77
/vacancies/217561-p.html,tel:(077) 270-59-75
/vacancies/211626-p.html,tel:(055) 201-30-27
/vacancies/217719.html,tel:(012) 770-77-15
/vacancies/217722.html,tel:(055) 204-63-33
/vacancies/217723.html,tel:(077) 324-84-54
/vacancies/217714.html,tel:(055) 500-30-66
/vacancies/217715-p.html,tel:(055) 500-30-66
/vacancies/217728.html,tel:(012) 310-09-49
/vacancies/113828.html,tel:(055) 444-00-16
/vacancies/217529-p.html,tel:(012) 499-20-10
/vacancies/217721-p.html,tel:(012) 465-06-06
/vacancies/217730.html,tel:(050) 234-88-58
/vacancies/217628.html,tel:(012) 480-17-88
/vacancies/217638.html,tel:(012) 404-32-38
/vacancies/217643.html,tel:(055) 252-37-55
/vacancies/217742.html,tel:(055) 200-81-10
/vacancies/217661.html,tel:(050) 285-19-43
/vacancies/217681.html,tel:(012) 465-52-34
/vacancies/217640.html,tel:(012) 425-16-47
/vacancies/217678-p.html,tel:(050) 277-27-19
/vacancies/217743-p.html,tel:(099) 966-44-44
/vacancies/217659.html,tel:(070) 399-00-13
/vacancies/217550-p.html,tel:(077) 413-77-07
/vacancies/217629-p.html,tel:(050) 870-11-81
/vacancies/217664-p.html,tel:(055) 707-10-80
/vacancies/217548-p.html,tel:(077) 413-77-07
/vacancies/217667.html,tel:(012) 513-43-13
/vacancies/217668.html,tel:(051) 616-73-85
/vacancies/217685.html,tel:(012) 404-80-60
/vacancies/217690.html,tel:(012) 505-95-11
/vacancies/217687-p.html,tel:(055) 515-47-53
/vacancies/217680.html,tel:(012) 310-12-17
/vacancies/217688-p.html,tel:(055) 327-76-55
/vacancies/217744.html,tel:(012) 497-46-21
/vacancies/217694.html,tel:(012) 511-14-54
/vacancies/217662-p.html,tel:(012) 502-47-17
/vacancies/217648-p.html,tel:(055) 265-44-45
/vacancies/217848-p.html,tel:(050) 235-35-73
/vacancies/217666-p.html,
/vacancies/217626-p.html,tel:(050) 235-34-97
/vacancies/217656.html,tel:(012) 447-00-44
/vacancies/217618.html,tel:(050) 294-93-33
/vacancies/217625.html,tel:(012) 431-05-03
/vacancies/217622.html,tel:(012) 490-51-60
/vacancies/217828.html,tel:(055) 219-55-25
